time,hex,type
2025-07-29T07:57:13+02:00,26,primary
2025-07-29T07:57:17+02:00,44,secondary
2025-07-29T18:23:04+02:00,19,primary
2025-07-29T18:23:09+02:00,43,secondary
2025-07-30T07:25:11+02:00,34,primary
2025-07-30T07:25:15+02:00,50,secondary
2025-07-30T07:26:05+02:00,41,primary
2025-07-30T07:26:08+02:00,19,secondary
2025-07-30T07:28:29+02:00,38,static
2025-07-30T07:39:06+02:00,8,static
2025-07-30T07:43:52+02:00,56,primary
2025-07-30T07:43:55+02:00,15,secondary
2025-07-30T07:47:29+02:00,6,primary
2025-07-30T07:47:33+02:00,64,secondary
2025-07-30T07:52:41+02:00,35,static
2025-07-30T08:58:00+02:00,53,primary
2025-07-30T08:58:04+02:00,39,secondary
2025-07-30T22:09:45+02:00,54,primary
2025-07-30T22:09:50+02:00,43,secondary
2025-07-30T22:13:07+02:00,41,static
2025-07-30T22:13:31+02:00,41,static
2025-07-30T22:48:18+02:00,17,primary
2025-07-30T22:48:23+02:00,49,secondary
2025-07-30T22:50:36+02:00,41,primary
2025-07-30T22:50:40+02:00,57,secondary
2025-07-30T22:52:17+02:00,23,static
2025-07-31T01:50:56+02:00,49,static
2025-07-31T01:53:16+02:00,13,primary
2025-07-31T01:53:20+02:00,49,secondary
2025-07-31T02:01:01+02:00,33,primary
2025-07-31T02:01:04+02:00,53,secondary
2025-07-31T02:02:23+02:00,16,primary
2025-07-31T02:02:28+02:00,31,secondary
2025-07-31T02:07:03+02:00,49,primary
2025-07-31T02:07:07+02:00,5,secondary
2025-07-31T07:32:47+02:00,7,primary
2025-07-31T07:32:52+02:00,18,secondary
2025-07-31T07:51:16+02:00,39,primary
2025-07-31T07:51:19+02:00,63,secondary
2025-07-31T07:54:20+02:00,17,primary
2025-07-31T07:54:22+02:00,25,secondary
2025-07-31T12:44:00+02:00,47,primary
2025-07-31T12:44:03+02:00,17,secondary
2025-07-31T12:45:21+02:00,29,primary
2025-07-31T12:45:24+02:00,7,secondary
2025-07-31T13:09:34+02:00,33,primary
2025-07-31T13:09:37+02:00,45,secondary
2025-07-31T13:10:29+02:00,39,primary
2025-07-31T13:10:31+02:00,5,secondary
2025-07-31T13:24:04+02:00,17,primary
2025-07-31T13:24:06+02:00,10,secondary
2025-07-31T13:28:29+02:00,14,static
2025-07-31T15:07:38+02:00,50,primary
2025-07-31T15:07:41+02:00,18,secondary
2025-07-31T15:07:55+02:00,50,primary
2025-07-31T15:07:58+02:00,22,secondary
2025-07-31T15:08:14+02:00,7,primary
2025-07-31T15:08:16+02:00,54,secondary
2025-07-31T15:15:28+02:00,57,primary
2025-07-31T15:15:31+02:00,18,secondary
2025-07-31T16:44:44+02:00,6,primary
2025-07-31T16:44:46+02:00,34,secondary
2025-07-31T16:47:59+02:00,35,primary
2025-07-31T16:48:01+02:00,38,secondary
2025-07-31T16:58:32+02:00,53,static
2025-07-31T22:10:37+02:00,28,primary
2025-07-31T22:10:43+02:00,50,secondary
2025-07-31T22:11:19+02:00,6,static
2025-07-31T22:31:50+02:00,39,primary
2025-07-31T22:31:53+02:00,31,secondary
2025-07-31T22:32:32+02:00,45,static
2025-07-31T22:33:57+02:00,25,primary
2025-07-31T22:34:01+02:00,42,secondary
2025-07-31T22:35:08+02:00,48,primary
2025-07-31T22:35:12+02:00,50,secondary
2025-07-31T23:23:15+02:00,17,primary
2025-07-31T23:23:19+02:00,6,secondary
2025-07-31T23:25:32+02:00,35,primary
2025-07-31T23:25:35+02:00,15,secondary
2025-07-31T23:39:13+02:00,57,static
2025-08-01T06:51:57+02:00,8,primary
2025-08-01T06:52:04+02:00,45,secondary
2025-08-01T07:08:27+02:00,51,primary
2025-08-01T07:08:30+02:00,8,secondary
2025-08-01T07:14:30+02:00,20,primary
2025-08-01T07:14:34+02:00,6,secondary
2025-08-01T07:15:44+02:00,15,primary
2025-08-01T07:15:47+02:00,7,secondary
2025-08-01T11:50:44+02:00,26,primary
2025-08-01T11:50:48+02:00,37,secondary
2025-08-01T15:19:13+02:00,11,primary
2025-08-01T15:19:13+02:00,19,secondary
2025-08-01T23:35:54+02:00,47,primary
2025-08-01T23:36:01+02:00,29,secondary
2025-08-02T17:52:41+02:00,34,primary
2025-08-02T17:52:41+02:00,46,secondary
2025-08-02T17:54:07+02:00,14,primary
2025-08-02T17:54:07+02:00,34,secondary
2025-08-02T20:34:02+02:00,47,primary
2025-08-02T20:34:02+02:00,29,secondary
2025-08-02T21:47:59+02:00,63,primary
2025-08-02T21:47:59+02:00,39,secondary
2025-08-02T22:01:47+02:00,55,primary
2025-08-02T22:01:47+02:00,17,secondary
2025-08-03T07:02:28+02:00,62,primary
2025-08-03T07:02:28+02:00,45,secondary
2025-08-03T07:06:17+02:00,49,primary
2025-08-03T07:06:17+02:00,55,secondary
2025-08-03T07:15:59+02:00,63,static
2025-08-03T09:54:37+02:00,31,primary
2025-08-03T09:54:37+02:00,28,secondary
2025-08-03T09:57:23+02:00,16,primary
2025-08-03T09:57:23+02:00,23,secondary
2025-08-03T10:22:56+02:00,14,primary
2025-08-03T10:22:56+02:00,50,secondary
2025-08-03T13:01:01+02:00,12,static
2025-08-03T13:07:13+02:00,38,primary
2025-08-03T13:07:13+02:00,61,secondary
2025-08-03T15:23:49+02:00,31,primary
2025-08-03T15:23:49+02:00,44,secondary
2025-08-03T15:44:36+02:00,52,primary
2025-08-03T15:44:36+02:00,48,secondary
2025-08-03T15:47:22+02:00,41,static
2025-08-03T15:51:00+02:00,29,primary
2025-08-03T15:51:00+02:00,47,secondary
2025-08-03T15:55:47+02:00,17,primary
2025-08-03T15:55:47+02:00,3,secondary
2025-08-03T15:57:16+02:00,47,primary
2025-08-03T15:57:16+02:00,58,secondary
2025-08-03T16:29:30+02:00,5,primary
2025-08-03T16:29:30+02:00,26,secondary
2025-08-03T16:32:56+02:00,8,static
2025-08-03T16:33:45+02:00,56,primary
2025-08-03T16:33:45+02:00,2,secondary
2025-08-03T16:43:19+02:00,47,primary
2025-08-03T16:43:19+02:00,58,secondary
2025-08-03T16:44:00+02:00,18,primary
2025-08-03T16:44:00+02:00,19,secondary
2025-08-03T16:44:47+02:00,29,primary
2025-08-03T16:44:47+02:00,53,secondary
2025-08-03T16:45:35+02:00,55,primary
2025-08-03T16:45:35+02:00,34,secondary
2025-08-03T16:47:37+02:00,18,primary
2025-08-03T16:47:37+02:00,14,secondary
2025-08-03T16:53:36+02:00,33,static
2025-08-03T16:56:09+02:00,55,primary
2025-08-03T16:56:09+02:00,58,secondary
2025-08-03T17:07:11+02:00,44,primary
2025-08-03T17:07:11+02:00,49,secondary
2025-08-03T17:08:26+02:00,14,primary
2025-08-03T17:08:26+02:00,19,secondary
2025-08-03T17:27:55+02:00,60,primary
2025-08-03T17:27:55+02:00,38,secondary
2025-08-03T17:30:12+02:00,19,primary
2025-08-03T17:30:12+02:00,41,secondary
2025-08-03T17:58:27+02:00,24,static
2025-08-03T18:54:00+02:00,21,primary
2025-08-03T18:54:00+02:00,47,secondary
2025-08-03T19:24:32+02:00,13,primary
2025-08-03T19:24:32+02:00,22,secondary
2025-08-03T19:58:36+02:00,38,primary
2025-08-03T19:58:36+02:00,50,secondary
2025-08-03T20:09:21+02:00,40,primary
2025-08-03T20:09:21+02:00,7,secondary
2025-08-03T20:10:29+02:00,40,primary
2025-08-03T20:10:29+02:00,7,secondary
2025-08-03T20:20:00+02:00,39,primary
2025-08-03T20:20:00+02:00,48,secondary
2025-08-03T20:44:22+02:00,60,primary
2025-08-03T20:44:22+02:00,54,secondary
2025-08-03T20:59:34+02:00,18,primary
2025-08-03T20:59:34+02:00,50,secondary
2025-08-03T21:00:07+02:00,46,primary
2025-08-03T21:00:07+02:00,48,secondary
2025-08-03T21:02:13+02:00,4,primary
2025-08-03T21:02:13+02:00,19,secondary
2025-08-03T21:03:21+02:00,47,primary
2025-08-03T21:03:21+02:00,28,secondary
2025-08-03T21:18:44+02:00,7,static
2025-08-03T21:52:48+02:00,55,primary
2025-08-03T21:52:48+02:00,13,secondary
2025-08-03T22:05:42+02:00,43,primary
2025-08-03T22:05:42+02:00,58,secondary
2025-08-03T22:23:06+02:00,30,primary
2025-08-03T22:23:06+02:00,43,secondary
2025-08-03T22:23:56+02:00,12,primary
2025-08-03T22:23:56+02:00,33,secondary
2025-08-04T06:57:51+02:00,56,primary
2025-08-04T06:57:51+02:00,13,secondary
2025-08-04T07:26:32+02:00,9,primary
2025-08-04T07:26:32+02:00,28,secondary
2025-08-04T08:34:23+02:00,30,primary
2025-08-04T08:34:23+02:00,51,secondary
2025-08-04T08:42:02+02:00,4,primary
2025-08-04T08:42:02+02:00,64,secondary
2025-08-04T08:42:46+02:00,16,primary
2025-08-04T08:42:46+02:00,54,secondary
2025-08-04T08:46:15+02:00,53,primary
2025-08-04T08:46:15+02:00,52,secondary
2025-08-04T08:55:37+02:00,34,primary
2025-08-04T08:55:37+02:00,50,secondary
2025-08-04T09:04:37+02:00,50,primary
2025-08-04T09:04:37+02:00,1,secondary
2025-08-04T09:13:33+02:00,7,primary
2025-08-04T09:13:33+02:00,4,secondary
2025-08-04T11:24:31+02:00,12,primary
2025-08-04T11:24:31+02:00,25,secondary
2025-08-04T11:27:33+02:00,31,primary
2025-08-04T11:27:33+02:00,52,secondary
2025-08-04T11:42:19+02:00,12,static
2025-08-04T11:43:00+02:00,64,primary
2025-08-04T11:43:00+02:00,50,secondary
2025-08-04T11:50:09+02:00,46,primary
2025-08-04T11:50:09+02:00,7,secondary
2025-08-04T12:14:07+02:00,42,primary
2025-08-04T12:14:07+02:00,27,secondary
2025-08-04T12:19:14+02:00,2,primary
2025-08-04T12:19:14+02:00,23,secondary
2025-08-04T12:30:52+02:00,8,primary
2025-08-04T12:30:52+02:00,4,secondary
2025-08-04T12:38:04+02:00,64,static
2025-08-04T12:38:47+02:00,9,primary
2025-08-04T12:38:47+02:00,38,secondary
2025-08-04T12:43:59+02:00,50,primary
2025-08-04T12:43:59+02:00,30,secondary
2025-08-04T12:45:07+02:00,16,primary
2025-08-04T12:45:07+02:00,54,secondary
2025-08-04T12:52:51+02:00,9,primary
2025-08-04T12:52:51+02:00,60,secondary
2025-08-04T12:55:32+02:00,54,primary
2025-08-04T12:55:32+02:00,34,secondary
2025-08-04T13:06:03+02:00,50,primary
2025-08-04T13:06:03+02:00,27,secondary
2025-08-04T13:20:36+02:00,28,primary
2025-08-04T13:20:36+02:00,44,secondary
2025-08-04T13:21:27+02:00,5,primary
2025-08-04T13:21:27+02:00,48,secondary
2025-08-04T13:35:43+02:00,41,primary
2025-08-04T13:35:43+02:00,61,secondary
2025-08-04T13:41:05+02:00,35,primary
2025-08-04T13:41:05+02:00,21,secondary
2025-08-04T13:41:46+02:00,19,primary
2025-08-04T13:41:46+02:00,61,secondary
2025-08-04T13:42:38+02:00,21,primary
2025-08-04T13:42:38+02:00,24,secondary
2025-08-04T15:17:16+02:00,13,static
2025-08-04T17:13:12+02:00,41,primary
2025-08-04T17:13:12+02:00,38,secondary
2025-08-04T17:14:00+02:00,29,primary
2025-08-04T17:14:00+02:00,64,secondary
2025-08-04T17:14:45+02:00,13,primary
2025-08-04T17:14:45+02:00,26,secondary
2025-08-04T17:15:22+02:00,15,static
2025-08-04T17:15:59+02:00,1,primary
2025-08-04T17:15:59+02:00,17,secondary
2025-08-04T17:16:37+02:00,8,primary
2025-08-04T17:16:37+02:00,50,secondary
2025-08-04T17:17:23+02:00,23,primary
2025-08-04T17:17:23+02:00,53,secondary
2025-08-04T17:18:04+02:00,42,primary
2025-08-04T17:18:04+02:00,56,secondary
2025-08-04T17:18:47+02:00,38,primary
2025-08-04T17:18:47+02:00,6,secondary
2025-08-04T17:26:44+02:00,48,primary
2025-08-04T17:26:44+02:00,5,secondary
2025-08-04T17:32:28+02:00,18,primary
2025-08-04T17:32:28+02:00,23,secondary
2025-08-04T17:33:02+02:00,64,primary
2025-08-04T17:33:02+02:00,57,secondary
2025-08-04T17:33:37+02:00,19,static
2025-08-04T17:43:50+02:00,56,primary
2025-08-04T17:43:50+02:00,15,secondary
2025-08-04T17:44:19+02:00,5,primary
2025-08-04T17:44:19+02:00,58,secondary
2025-08-04T17:44:49+02:00,2,primary
2025-08-04T17:44:49+02:00,29,secondary
2025-08-04T19:40:36+02:00,3,primary
2025-08-04T19:40:36+02:00,42,secondary
2025-08-04T19:49:37+02:00,11,primary
2025-08-04T19:49:37+02:00,25,secondary
2025-08-04T20:13:54+02:00,10,static
2025-08-04T20:14:35+02:00,51,primary
2025-08-04T20:14:35+02:00,45,secondary
2025-08-04T20:18:33+02:00,7,primary
2025-08-04T20:18:33+02:00,35,secondary
2025-08-04T21:17:29+02:00,19,primary
2025-08-04T21:17:29+02:00,24,secondary
2025-08-04T21:35:52+02:00,1,primary
2025-08-04T21:35:52+02:00,19,secondary
2025-08-04T22:29:46+02:00,12,primary
2025-08-04T22:29:46+02:00,1,secondary
2025-08-04T22:32:15+02:00,26,primary
2025-08-04T22:32:15+02:00,38,secondary
2025-08-04T23:31:51+02:00,61,primary
2025-08-04T23:31:51+02:00,59,secondary
2025-08-05T06:59:10+02:00,52,primary
2025-08-05T06:59:10+02:00,15,secondary
2025-08-05T10:53:08+02:00,39,primary
2025-08-05T10:53:08+02:00,24,secondary
2025-08-05T10:53:48+02:00,33,primary
2025-08-05T10:53:48+02:00,57,secondary
2025-08-05T10:54:18+02:00,15,primary
2025-08-05T10:54:18+02:00,31,secondary
2025-08-05T10:54:48+02:00,58,static
2025-08-05T10:55:30+02:00,6,primary
2025-08-05T10:55:30+02:00,47,secondary
2025-08-05T10:56:56+02:00,10,primary
2025-08-05T10:56:56+02:00,63,secondary
2025-08-05T18:11:55+02:00,50,primary
2025-08-05T18:11:55+02:00,56,secondary
2025-08-05T18:15:24+02:00,41,primary
2025-08-05T18:15:24+02:00,42,secondary
2025-08-05T18:15:59+02:00,45,primary
2025-08-05T18:15:59+02:00,40,secondary
2025-08-05T20:47:48+02:00,31,primary
2025-08-05T20:47:48+02:00,43,secondary
2025-08-05T20:54:49+02:00,40,static
2025-08-05T21:53:13+02:00,26,primary
2025-08-05T21:53:13+02:00,9,secondary
2025-08-05T21:53:52+02:00,3,primary
2025-08-05T21:53:52+02:00,63,secondary
2025-08-05T21:54:40+02:00,33,primary
2025-08-05T21:54:40+02:00,21,secondary
2025-08-05T21:55:14+02:00,5,primary
2025-08-05T21:55:14+02:00,9,secondary
2025-08-05T22:22:01+02:00,57,primary
2025-08-05T22:22:01+02:00,10,secondary
2025-08-05T22:50:54+02:00,30,primary
2025-08-05T22:50:54+02:00,26,secondary
2025-08-05T22:53:40+02:00,12,primary
2025-08-05T22:53:40+02:00,45,secondary
2025-08-05T22:54:47+02:00,45,primary
2025-08-05T22:54:47+02:00,16,secondary
2025-08-05T23:03:48+02:00,30,primary
2025-08-05T23:03:48+02:00,36,secondary
2025-08-06T07:51:54+02:00,46,static
2025-08-06T08:13:58+02:00,14,primary
2025-08-06T08:13:58+02:00,22,secondary
2025-08-06T08:26:04+02:00,24,primary
2025-08-06T08:26:04+02:00,19,secondary
2025-08-06T08:34:11+02:00,25,primary
2025-08-06T08:34:11+02:00,17,secondary
2025-08-06T08:35:15+02:00,54,primary
2025-08-06T08:35:15+02:00,16,secondary
2025-08-06T10:49:26+02:00,17,primary
2025-08-06T10:49:26+02:00,58,secondary
2025-08-06T11:49:43+02:00,19,primary
2025-08-06T11:49:43+02:00,14,secondary
2025-08-06T12:36:09+02:00,21,primary
2025-08-06T12:36:09+02:00,34,secondary
2025-08-06T21:04:26+02:00,13,static
2025-08-06T21:27:36+02:00,7,primary
2025-08-06T21:27:36+02:00,19,secondary
2025-08-06T21:51:03+02:00,23,primary
2025-08-06T21:51:03+02:00,24,secondary
2025-08-06T21:51:43+02:00,46,primary
2025-08-06T21:51:43+02:00,57,secondary
2025-08-06T21:52:36+02:00,31,primary
2025-08-06T21:52:36+02:00,63,secondary
2025-08-06T21:55:19+02:00,3,primary
2025-08-06T21:55:19+02:00,60,secondary
2025-08-06T22:05:09+02:00,42,primary
2025-08-06T22:05:09+02:00,1,secondary
2025-08-06T22:05:57+02:00,54,primary
2025-08-06T22:05:57+02:00,16,secondary
2025-08-06T22:06:39+02:00,40,primary
2025-08-06T22:06:39+02:00,64,secondary
2025-08-06T22:15:58+02:00,2,primary
2025-08-06T22:15:58+02:00,19,secondary
2025-08-06T22:22:00+02:00,11,primary
2025-08-06T22:22:00+02:00,60,secondary
2025-08-06T23:01:53+02:00,55,primary
2025-08-06T23:01:53+02:00,28,secondary
2025-08-06T23:09:41+02:00,37,primary
2025-08-06T23:09:41+02:00,17,secondary
2025-08-06T23:35:41+02:00,63,primary
2025-08-06T23:35:41+02:00,62,secondary
2025-08-07T00:18:53+02:00,22,primary
2025-08-07T00:18:53+02:00,21,secondary
2025-08-07T05:49:50+02:00,36,primary
2025-08-07T05:49:50+02:00,39,secondary
2025-08-07T05:50:46+02:00,24,primary
2025-08-07T05:50:46+02:00,51,secondary
2025-08-07T05:51:48+02:00,58,primary
2025-08-07T05:51:48+02:00,48,secondary
2025-08-07T05:52:56+02:00,51,primary
2025-08-07T05:52:56+02:00,21,secondary
2025-08-07T05:53:42+02:00,7,static
2025-08-07T05:55:47+02:00,41,primary
2025-08-07T05:55:47+02:00,4,secondary
2025-08-07T05:59:26+02:00,40,static
2025-08-07T06:01:10+02:00,15,static
2025-08-07T06:06:42+02:00,64,primary
2025-08-07T06:06:42+02:00,38,secondary
2025-08-07T06:12:35+02:00,7,primary
2025-08-07T06:12:35+02:00,19,secondary
2025-08-07T07:10:29+02:00,20,primary
2025-08-07T07:10:29+02:00,37,secondary
2025-08-07T07:14:46+02:00,2,primary
2025-08-07T07:14:46+02:00,31,secondary
2025-08-07T11:42:20+02:00,19,primary
2025-08-07T11:42:20+02:00,7,secondary
2025-08-07T11:45:09+02:00,21,primary
2025-08-07T11:45:09+02:00,38,secondary
2025-08-07T14:29:03+02:00,30,primary
2025-08-07T14:29:03+02:00,14,secondary
2025-08-07T14:32:01+02:00,21,primary
2025-08-07T14:32:01+02:00,51,secondary
2025-08-07T14:36:10+02:00,15,primary
2025-08-07T14:36:10+02:00,39,secondary
2025-08-07T14:36:56+02:00,55,primary
2025-08-07T14:36:56+02:00,19,secondary
2025-08-07T15:19:11+02:00,40,primary
2025-08-07T15:19:11+02:00,7,secondary
2025-08-07T15:19:44+02:00,48,primary
2025-08-07T15:19:44+02:00,43,secondary
2025-08-07T15:33:04+02:00,14,primary
2025-08-07T15:33:04+02:00,1,secondary
2025-08-07T22:39:37+02:00,49,primary
2025-08-07T22:39:37+02:00,25,secondary
2025-08-07T22:45:15+02:00,63,primary
2025-08-07T22:45:15+02:00,39,secondary
2025-08-07T22:50:29+02:00,20,primary
2025-08-07T22:50:29+02:00,31,secondary
2025-08-07T22:51:29+02:00,17,primary
2025-08-07T22:51:29+02:00,9,secondary
2025-08-07T22:52:12+02:00,6,primary
2025-08-07T22:52:12+02:00,59,secondary
2025-08-08T07:52:24+02:00,28,static
2025-08-08T07:53:24+02:00,15,primary
2025-08-08T07:53:24+02:00,52,secondary
2025-08-08T07:57:28+02:00,48,primary
2025-08-08T07:57:28+02:00,47,secondary
2025-08-08T07:58:01+02:00,14,static
2025-08-08T09:42:29+02:00,16,primary
2025-08-08T09:42:29+02:00,21,secondary
2025-08-08T10:40:51+02:00,62,primary
2025-08-08T10:40:51+02:00,28,secondary
2025-08-08T16:35:29+02:00,64,static
2025-08-08T16:36:00+02:00,29,primary
2025-08-08T16:36:00+02:00,60,secondary
2025-08-08T16:39:13+02:00,31,primary
2025-08-08T16:39:13+02:00,28,secondary
2025-08-08T16:46:21+02:00,5,primary
2025-08-08T16:46:21+02:00,61,secondary
2025-08-08T17:15:08+02:00,35,primary
2025-08-08T17:15:08+02:00,12,secondary
2025-08-08T17:18:21+02:00,18,primary
2025-08-08T17:18:21+02:00,46,secondary
2025-08-08T17:20:06+02:00,44,primary
2025-08-08T17:20:06+02:00,56,secondary
2025-08-08T17:23:58+02:00,29,primary
2025-08-08T17:23:58+02:00,2,secondary
2025-08-08T17:24:45+02:00,19,primary
2025-08-08T17:24:45+02:00,5,secondary
2025-08-08T17:25:24+02:00,27,primary
2025-08-08T17:25:24+02:00,37,secondary
2025-08-08T17:27:10+02:00,33,primary
2025-08-08T17:27:10+02:00,28,secondary
2025-08-08T17:27:53+02:00,34,primary
2025-08-08T17:27:53+02:00,36,secondary
2025-08-08T17:28:33+02:00,11,primary
2025-08-08T17:28:33+02:00,36,secondary
2025-08-08T17:31:03+02:00,48,primary
2025-08-08T17:31:03+02:00,41,secondary
2025-08-08T17:39:26+02:00,48,primary
2025-08-08T17:39:26+02:00,60,secondary
2025-08-08T17:39:54+02:00,24,static
2025-08-08T17:40:28+02:00,53,primary
2025-08-08T17:40:28+02:00,39,secondary
2025-08-08T17:41:00+02:00,54,primary
2025-08-08T17:41:00+02:00,34,secondary
2025-08-08T17:41:34+02:00,2,primary
2025-08-08T17:41:34+02:00,24,secondary
2025-08-08T21:48:49+02:00,47,primary
2025-08-08T21:48:49+02:00,3,secondary
2025-08-08T21:49:41+02:00,52,primary
2025-08-08T21:49:41+02:00,36,secondary
2025-08-08T22:16:26+02:00,38,primary
2025-08-08T22:16:26+02:00,35,secondary
2025-08-08T22:17:17+02:00,38,primary
2025-08-08T22:17:17+02:00,64,secondary
2025-08-09T13:04:01+02:00,41,primary
2025-08-09T13:04:01+02:00,19,secondary
2025-08-09T21:03:08+02:00,17,primary
2025-08-09T21:03:08+02:00,27,secondary
2025-08-09T23:14:51+02:00,16,primary
2025-08-09T23:14:51+02:00,40,secondary
2025-08-09T23:56:54+02:00,13,primary
2025-08-09T23:56:54+02:00,8,secondary
2025-08-09T23:57:40+02:00,28,primary
2025-08-09T23:57:40+02:00,33,secondary
2025-08-09T23:58:19+02:00,50,primary
2025-08-09T23:58:19+02:00,14,secondary
2025-08-09T23:59:08+02:00,47,primary
2025-08-09T23:59:08+02:00,21,secondary
2025-08-09T23:59:48+02:00,42,primary
2025-08-09T23:59:48+02:00,60,secondary
2025-08-10T00:00:26+02:00,33,primary
2025-08-10T00:00:26+02:00,53,secondary
2025-08-10T07:59:19+02:00,38,primary
2025-08-10T07:59:19+02:00,34,secondary
2025-08-10T08:07:47+02:00,3,primary
2025-08-10T08:07:47+02:00,42,secondary
2025-08-10T13:35:25+02:00,29,static
2025-08-10T13:51:43+02:00,63,static
2025-08-10T19:31:36+02:00,4,static
2025-08-10T19:34:51+02:00,54,primary
2025-08-10T19:34:51+02:00,30,secondary
2025-08-10T19:35:50+02:00,50,primary
2025-08-10T19:35:50+02:00,39,secondary
2025-08-10T19:36:20+02:00,16,static
2025-08-10T19:36:53+02:00,23,primary
2025-08-10T19:36:53+02:00,52,secondary
2025-08-10T19:37:21+02:00,30,primary
2025-08-10T19:37:21+02:00,21,secondary
2025-08-10T19:37:58+02:00,64,primary
2025-08-10T19:37:58+02:00,8,secondary
2025-08-10T19:38:33+02:00,52,primary
2025-08-10T19:38:33+02:00,11,secondary
2025-08-10T19:39:02+02:00,60,primary
2025-08-10T19:39:02+02:00,19,secondary
2025-08-10T19:42:21+02:00,12,static
2025-08-10T19:43:21+02:00,57,primary
2025-08-10T19:43:21+02:00,53,secondary
2025-08-10T19:43:51+02:00,27,primary
2025-08-10T19:43:51+02:00,41,secondary
2025-08-10T19:44:37+02:00,44,primary
2025-08-10T19:44:37+02:00,53,secondary
2025-08-10T19:45:54+02:00,19,static
2025-08-10T20:41:17+02:00,36,primary
2025-08-10T20:41:17+02:00,46,secondary
2025-08-11T07:12:58+02:00,39,primary
2025-08-11T07:12:58+02:00,59,secondary
2025-08-11T07:13:48+02:00,19,primary
2025-08-11T07:13:48+02:00,24,secondary
2025-08-11T07:46:43+02:00,35,primary
2025-08-11T07:46:43+02:00,59,secondary
2025-08-11T09:14:02+02:00,27,primary
2025-08-11T09:14:02+02:00,23,secondary
2025-08-11T09:14:40+02:00,20,primary
2025-08-11T09:14:40+02:00,10,secondary
2025-08-11T11:18:20+02:00,55,primary
2025-08-11T11:18:20+02:00,62,secondary
2025-08-11T11:22:16+02:00,44,primary
2025-08-11T11:22:16+02:00,33,secondary
2025-08-11T13:36:01+02:00,13,primary
2025-08-11T13:36:01+02:00,37,secondary
2025-08-11T13:42:10+02:00,15,primary
2025-08-11T13:42:10+02:00,11,secondary
2025-08-11T17:44:34+02:00,59,primary
2025-08-11T17:44:34+02:00,33,secondary
2025-08-11T17:45:20+02:00,33,primary
2025-08-11T17:45:20+02:00,21,secondary
2025-08-11T17:49:09+02:00,18,primary
2025-08-11T17:49:09+02:00,53,secondary
2025-08-11T19:34:48+02:00,37,primary
2025-08-11T19:34:48+02:00,13,secondary
2025-08-11T19:35:17+02:00,59,primary
2025-08-11T19:35:17+02:00,6,secondary
2025-08-11T19:35:49+02:00,57,primary
2025-08-11T19:35:49+02:00,59,secondary
2025-08-11T19:45:12+02:00,20,primary
2025-08-11T19:45:12+02:00,3,secondary
2025-08-11T21:07:58+02:00,40,primary
2025-08-11T21:07:58+02:00,16,secondary
2025-08-11T21:13:38+02:00,32,primary
2025-08-11T21:13:38+02:00,28,secondary
2025-08-11T22:21:26+02:00,14,primary
2025-08-11T22:21:26+02:00,50,secondary
2025-08-11T22:52:10+02:00,20,static
2025-08-11T22:52:55+02:00,43,primary
2025-08-11T22:52:55+02:00,30,secondary
2025-08-11T22:55:45+02:00,48,static
2025-08-11T22:56:26+02:00,55,primary
2025-08-11T22:56:26+02:00,30,secondary
2025-08-11T22:57:58+02:00,16,primary
2025-08-11T22:57:58+02:00,62,secondary
2025-08-11T23:00:47+02:00,60,primary
2025-08-11T23:00:47+02:00,38,secondary
2025-08-11T23:10:47+02:00,21,primary
2025-08-11T23:10:47+02:00,30,secondary
2025-08-11T23:14:34+02:00,7,primary
2025-08-11T23:14:34+02:00,29,secondary
2025-08-11T23:33:53+02:00,19,static
2025-08-12T00:02:11+02:00,43,static
2025-08-12T00:03:11+02:00,9,primary
2025-08-12T00:03:11+02:00,55,secondary
2025-08-12T00:03:59+02:00,15,primary
2025-08-12T00:03:59+02:00,3,secondary
2025-08-12T07:19:30+02:00,21,primary
2025-08-12T07:19:30+02:00,38,secondary
2025-08-12T07:24:21+02:00,15,primary
2025-08-12T07:24:21+02:00,55,secondary
2025-08-12T07:29:13+02:00,24,static
2025-08-12T07:30:01+02:00,13,primary
2025-08-12T07:30:01+02:00,30,secondary
2025-08-12T07:30:39+02:00,53,primary
2025-08-12T07:30:39+02:00,20,secondary
2025-08-12T07:31:22+02:00,7,static
2025-08-12T08:46:39+02:00,33,static
2025-08-12T08:47:13+02:00,12,primary
2025-08-12T08:47:13+02:00,16,secondary
2025-08-12T08:48:47+02:00,60,primary
2025-08-12T08:48:47+02:00,24,secondary
2025-08-12T10:30:35+02:00,20,primary
2025-08-12T10:30:35+02:00,27,secondary
2025-08-12T11:21:45+02:00,29,primary
2025-08-12T11:21:45+02:00,39,secondary
2025-08-12T11:22:23+02:00,13,primary
2025-08-12T11:22:23+02:00,25,secondary
2025-08-12T11:22:58+02:00,32,primary
2025-08-12T11:22:58+02:00,28,secondary
2025-08-12T11:23:39+02:00,22,primary
2025-08-12T11:23:39+02:00,9,secondary
2025-08-12T11:24:11+02:00,9,static
2025-08-12T11:24:59+02:00,38,primary
2025-08-12T11:24:59+02:00,11,secondary
2025-08-12T12:09:05+02:00,13,primary
2025-08-12T12:09:05+02:00,56,secondary
2025-08-12T12:16:59+02:00,13,static
2025-08-12T12:18:19+02:00,61,static
2025-08-12T18:08:29+02:00,58,primary
2025-08-12T18:08:29+02:00,43,secondary
2025-08-12T18:19:44+02:00,44,primary
2025-08-12T18:19:44+02:00,5,secondary
2025-08-12T19:20:27+02:00,11,static
2025-08-12T19:21:07+02:00,34,primary
2025-08-12T19:21:07+02:00,11,secondary
2025-08-12T19:21:34+02:00,16,primary
2025-08-12T19:21:34+02:00,35,secondary
2025-08-12T19:27:47+02:00,52,primary
2025-08-12T19:27:47+02:00,18,secondary
2025-08-12T19:28:19+02:00,45,primary
2025-08-12T19:28:19+02:00,35,secondary
2025-08-12T19:35:39+02:00,61,primary
2025-08-12T19:35:39+02:00,20,secondary
2025-08-12T19:38:29+02:00,27,primary
2025-08-12T19:38:29+02:00,12,secondary
2025-08-12T19:42:49+02:00,9,primary
2025-08-12T19:42:49+02:00,48,secondary
2025-08-12T19:43:26+02:00,13,primary
2025-08-12T19:43:26+02:00,9,secondary
2025-08-12T19:47:12+02:00,28,static
2025-08-12T21:41:52+02:00,29,primary
2025-08-12T21:41:52+02:00,57,secondary
2025-08-12T21:52:53+02:00,5,primary
2025-08-12T21:52:53+02:00,28,secondary
2025-08-12T22:22:32+02:00,58,primary
2025-08-12T22:22:32+02:00,14,secondary
2025-08-12T22:28:30+02:00,40,static
2025-08-12T22:44:39+02:00,23,primary
2025-08-12T22:44:39+02:00,20,secondary
2025-08-12T23:23:39+02:00,8,static
2025-08-12T23:25:03+02:00,30,static
2025-08-13T06:33:19+02:00,43,primary
2025-08-13T06:33:19+02:00,48,secondary
2025-08-13T06:54:52+02:00,40,primary
2025-08-13T06:54:52+02:00,58,secondary
2025-08-13T06:55:41+02:00,64,primary
2025-08-13T06:55:41+02:00,13,secondary
2025-08-13T07:29:30+02:00,51,primary
2025-08-13T07:29:30+02:00,27,secondary
2025-08-13T07:34:57+02:00,30,primary
2025-08-13T07:34:57+02:00,50,secondary
2025-08-13T08:05:26+02:00,64,primary
2025-08-13T08:05:26+02:00,50,secondary
2025-08-13T08:28:16+02:00,42,primary
2025-08-13T08:28:16+02:00,61,secondary
2025-08-13T22:26:14+02:00,23,primary
2025-08-13T22:26:14+02:00,2,secondary
2025-08-14T04:58:36+02:00,52,primary
2025-08-14T04:58:36+02:00,18,secondary
2025-08-14T05:01:41+02:00,10,static
2025-08-14T05:06:12+02:00,11,primary
2025-08-14T05:06:12+02:00,46,secondary
2025-08-14T05:15:57+02:00,4,primary
2025-08-14T05:15:57+02:00,23,secondary
2025-08-14T05:16:55+02:00,31,primary
2025-08-14T05:16:55+02:00,43,secondary
2025-08-14T05:34:26+02:00,15,static
2025-08-14T05:35:48+02:00,27,static
2025-08-14T05:39:00+02:00,42,primary
2025-08-14T05:39:00+02:00,63,secondary
2025-08-14T05:51:34+02:00,38,primary
2025-08-14T05:51:34+02:00,11,secondary
2025-08-14T06:06:24+02:00,19,primary
2025-08-14T06:06:24+02:00,41,secondary
2025-08-14T06:40:42+02:00,45,primary
2025-08-14T06:40:42+02:00,28,secondary
2025-08-14T06:46:25+02:00,6,primary
2025-08-14T06:46:25+02:00,12,secondary
2025-08-14T08:46:19+02:00,22,primary
2025-08-14T08:46:19+02:00,11,secondary
2025-08-14T08:59:28+02:00,41,static
2025-08-14T09:02:03+02:00,1,primary
2025-08-14T09:02:03+02:00,14,secondary
2025-08-14T12:55:11+02:00,38,primary
2025-08-14T12:55:11+02:00,41,secondary
2025-08-14T14:11:20+02:00,23,primary
2025-08-14T14:11:20+02:00,44,secondary
2025-08-14T14:43:26+02:00,54,primary
2025-08-14T14:43:26+02:00,58,secondary
2025-08-14T14:43:55+02:00,63,static
2025-08-14T14:50:34+02:00,32,primary
2025-08-14T14:50:34+02:00,56,secondary
2025-08-14T15:00:23+02:00,36,primary
2025-08-14T15:00:23+02:00,14,secondary
2025-08-14T22:08:38+02:00,35,primary
2025-08-14T22:08:38+02:00,2,secondary
2025-08-14T22:53:09+02:00,11,primary
2025-08-14T22:53:09+02:00,26,secondary
2025-08-14T22:57:49+02:00,8,primary
2025-08-14T22:57:49+02:00,59,secondary
2025-08-15T06:22:01+02:00,48,primary
2025-08-15T06:22:01+02:00,2,secondary
2025-08-15T06:43:12+02:00,9,primary
2025-08-15T06:43:12+02:00,57,secondary
2025-08-15T06:45:32+02:00,52,primary
2025-08-15T06:45:32+02:00,42,secondary
2025-08-15T06:46:41+02:00,18,primary
2025-08-15T06:46:41+02:00,10,secondary
2025-08-15T13:22:38+02:00,52,primary
2025-08-15T13:22:38+02:00,23,secondary
2025-08-15T13:24:32+02:00,20,primary
2025-08-15T13:24:32+02:00,23,secondary
2025-08-15T15:11:05+02:00,4,primary
2025-08-15T15:11:05+02:00,59,secondary
2025-08-15T17:40:03+02:00,42,primary
2025-08-15T17:40:03+02:00,17,secondary
2025-08-15T17:40:28+02:00,43,static
2025-08-15T17:57:51+02:00,3,primary
2025-08-15T17:57:51+02:00,39,secondary
2025-08-15T18:18:20+02:00,12,primary
2025-08-15T18:18:20+02:00,17,secondary
2025-08-15T18:18:50+02:00,15,primary
2025-08-15T18:18:50+02:00,36,secondary
2025-08-15T18:19:49+02:00,34,static
2025-08-15T18:20:38+02:00,13,primary
2025-08-15T18:20:38+02:00,53,secondary
2025-08-15T18:22:56+02:00,5,primary
2025-08-15T18:22:56+02:00,36,secondary
2025-08-15T18:49:51+02:00,41,primary
2025-08-15T18:49:51+02:00,51,secondary
2025-08-16T08:11:44+02:00,48,primary
2025-08-16T08:11:44+02:00,28,secondary
2025-08-16T09:14:56+02:00,64,primary
2025-08-16T09:14:56+02:00,16,secondary
2025-08-16T15:48:16+02:00,59,static
2025-08-17T09:30:40+02:00,49,static
2025-08-17T09:35:40+02:00,10,primary
2025-08-17T09:35:40+02:00,17,secondary
2025-08-17T09:40:46+02:00,39,primary
2025-08-17T09:40:46+02:00,32,secondary
2025-08-17T23:21:31+02:00,26,primary
2025-08-17T23:21:31+02:00,46,secondary
2025-08-17T23:22:32+02:00,17,static
2025-08-17T23:24:14+02:00,64,primary
2025-08-17T23:24:14+02:00,21,secondary
2025-08-17T23:24:48+02:00,33,primary
2025-08-17T23:24:48+02:00,56,secondary
2025-08-17T23:25:23+02:00,27,primary
2025-08-17T23:25:23+02:00,3,secondary
2025-08-17T23:36:30+02:00,17,static
2025-08-18T06:22:09+02:00,17,primary
2025-08-18T06:22:09+02:00,10,secondary
2025-08-18T06:28:44+02:00,43,primary
2025-08-18T06:28:44+02:00,5,secondary
2025-08-18T06:36:20+02:00,15,primary
2025-08-18T06:36:20+02:00,62,secondary
2025-08-18T08:25:03+02:00,57,static
2025-08-18T15:52:28+02:00,34,primary
2025-08-18T15:52:28+02:00,5,secondary
2025-08-18T16:14:45+02:00,42,primary
2025-08-18T16:14:45+02:00,25,secondary
2025-08-18T17:39:15+02:00,60,primary
2025-08-18T17:39:15+02:00,26,secondary
2025-08-19T22:55:33+02:00,8,primary
2025-08-19T22:55:33+02:00,39,secondary
2025-08-20T07:04:56+02:00,28,static
2025-08-20T14:17:15+02:00,28,primary
2025-08-20T14:17:15+02:00,44,secondary
2025-08-20T16:06:14+02:00,37,static
2025-08-20T16:06:37+02:00,29,primary
2025-08-20T16:06:37+02:00,48,secondary
2025-08-20T18:44:38+02:00,16,primary
2025-08-20T18:44:38+02:00,2,secondary
2025-08-20T19:27:43+02:00,1,static
2025-08-20T20:02:15+02:00,53,static
2025-08-20T21:26:55+02:00,49,primary
2025-08-20T21:26:55+02:00,12,secondary
2025-08-20T21:53:21+02:00,56,primary
2025-08-20T21:53:21+02:00,64,secondary
2025-08-20T21:53:50+02:00,40,primary
2025-08-20T21:53:50+02:00,7,secondary
2025-08-20T22:16:58+02:00,27,primary
2025-08-20T22:16:58+02:00,23,secondary
2025-08-21T07:16:51+02:00,63,primary
2025-08-21T07:16:51+02:00,37,secondary
2025-08-21T07:21:39+02:00,28,primary
2025-08-21T07:21:39+02:00,47,secondary
2025-08-21T07:29:50+02:00,28,primary
2025-08-21T07:29:50+02:00,32,secondary
2025-08-21T07:30:28+02:00,22,primary
2025-08-21T07:30:28+02:00,14,secondary
2025-08-21T07:32:11+02:00,27,primary
2025-08-21T07:32:11+02:00,41,secondary
2025-08-21T09:39:36+02:00,30,primary
2025-08-21T09:39:36+02:00,13,secondary
2025-08-21T09:55:23+02:00,6,static
2025-08-22T00:13:35+02:00,42,primary
2025-08-22T00:13:35+02:00,11,secondary
2025-08-22T13:42:20+02:00,49,static
2025-08-22T13:54:30+02:00,31,static
2025-08-25T19:18:48+02:00,10,primary
2025-08-25T19:18:48+02:00,13,secondary
2025-08-25T19:19:37+02:00,30,primary
2025-08-25T19:19:37+02:00,21,secondary
2025-08-27T04:41:59+02:00,44,primary
2025-08-27T04:41:59+02:00,50,secondary
2025-08-27T04:48:43+02:00,17,primary
2025-08-27T04:48:43+02:00,25,secondary
2025-08-27T04:57:06+02:00,51,primary
2025-08-27T04:57:06+02:00,62,secondary
2025-08-27T05:03:31+02:00,56,primary
2025-08-27T05:03:31+02:00,21,secondary
2025-08-28T14:24:56+01:00,37,primary
2025-08-28T14:24:56+01:00,20,secondary
2025-08-28T18:47:48+01:00,14,primary
2025-08-28T18:47:48+01:00,22,secondary
2025-08-28T18:48:24+01:00,18,primary
2025-08-28T18:48:24+01:00,33,secondary
2025-08-28T18:48:51+01:00,48,static
2025-08-28T18:49:30+01:00,18,primary
2025-08-28T18:49:30+01:00,57,secondary
2025-08-28T22:23:25+01:00,35,primary
2025-08-28T22:23:25+01:00,12,secondary
2025-08-28T22:24:14+01:00,40,primary
2025-08-28T22:24:14+01:00,10,secondary
2025-08-28T22:24:44+01:00,20,primary
2025-08-28T22:24:44+01:00,33,secondary
2025-08-28T22:25:20+01:00,9,primary
2025-08-28T22:25:20+01:00,59,secondary
2025-08-28T22:25:53+01:00,21,primary
2025-08-28T22:25:53+01:00,14,secondary
2025-08-28T22:26:43+01:00,56,primary
2025-08-28T22:26:43+01:00,6,secondary
2025-08-29T07:11:36+01:00,21,primary
2025-08-29T07:11:36+01:00,55,secondary
2025-08-29T17:31:46+01:00,13,primary
2025-08-29T17:31:46+01:00,37,secondary
2025-08-29T17:32:18+01:00,42,static
2025-08-29T17:32:48+01:00,5,primary
2025-08-29T17:32:48+01:00,3,secondary
2025-08-29T21:20:17+01:00,44,static
2025-08-30T07:48:18+01:00,33,primary
2025-08-30T07:48:18+01:00,25,secondary
2025-08-30T07:50:09+01:00,29,primary
2025-08-30T07:50:09+01:00,30,secondary
2025-08-30T07:56:51+01:00,52,primary
2025-08-30T07:56:51+01:00,55,secondary
2025-08-31T07:35:31+01:00,22,primary
2025-08-31T07:35:31+01:00,23,secondary
2025-08-31T07:36:03+01:00,56,primary
2025-08-31T07:36:03+01:00,33,secondary
2025-08-31T07:56:26+01:00,7,primary
2025-08-31T07:56:26+01:00,21,secondary
2025-08-31T08:40:42+01:00,49,primary
2025-08-31T08:40:42+01:00,16,secondary
2025-08-31T08:42:47+01:00,10,primary
2025-08-31T08:42:47+01:00,25,secondary
2025-08-31T08:50:45+01:00,46,primary
2025-08-31T08:50:45+01:00,15,secondary
2025-08-31T09:18:14+01:00,15,primary
2025-08-31T09:18:14+01:00,35,secondary
2025-08-31T23:19:46+01:00,31,primary
2025-08-31T23:19:46+01:00,17,secondary
2025-08-31T23:57:33+01:00,21,primary
2025-08-31T23:57:33+01:00,38,secondary
2025-08-31T23:57:56+01:00,10,static
2025-09-01T07:41:01+01:00,16,static
2025-09-01T07:41:35+01:00,37,primary
2025-09-01T07:41:35+01:00,59,secondary
2025-09-01T08:11:00+01:00,12,primary
2025-09-01T08:11:00+01:00,53,secondary
2025-09-01T08:52:49+01:00,54,primary
2025-09-01T08:52:49+01:00,24,secondary
2025-09-01T19:48:26+01:00,8,primary
2025-09-01T19:48:26+01:00,42,secondary
2025-09-02T06:27:38+01:00,40,primary
2025-09-02T06:27:38+01:00,21,secondary
2025-09-02T06:49:53+01:00,63,primary
2025-09-02T06:49:53+01:00,31,secondary
2025-09-02T07:03:29+01:00,6,primary
2025-09-02T07:03:29+01:00,28,secondary
2025-09-02T22:13:17+01:00,19,static
2025-09-03T06:54:06+01:00,29,primary
2025-09-03T06:54:06+01:00,20,secondary
2025-09-03T21:50:59+01:00,23,primary
2025-09-03T21:50:59+01:00,32,secondary
2025-09-04T06:34:44+01:00,38,primary
2025-09-04T06:34:44+01:00,61,secondary
2025-09-04T06:35:21+01:00,9,static
2025-09-04T06:35:54+01:00,44,static
2025-09-04T06:38:54+01:00,34,static
2025-09-04T06:43:06+01:00,60,static
2025-09-04T06:55:26+01:00,15,primary
2025-09-04T06:55:26+01:00,32,secondary
2025-09-04T07:13:31+01:00,25,primary
2025-09-04T07:13:31+01:00,13,secondary
2025-09-04T07:14:28+01:00,50,primary
2025-09-04T07:14:28+01:00,45,secondary
2025-09-04T07:15:09+01:00,24,primary
2025-09-04T07:15:09+01:00,27,secondary
2025-09-04T07:18:11+01:00,12,primary
2025-09-04T07:18:11+01:00,22,secondary
2025-09-04T07:18:42+01:00,1,primary
2025-09-04T07:18:42+01:00,9,secondary
2025-09-04T07:36:56+01:00,42,primary
2025-09-04T07:36:56+01:00,60,secondary
2025-09-04T09:42:15+01:00,13,primary
2025-09-04T09:42:15+01:00,37,secondary
2025-09-04T16:34:12+01:00,41,static
2025-09-04T20:02:13+01:00,28,primary
2025-09-04T20:02:13+01:00,48,secondary
2025-09-04T20:03:24+01:00,59,primary
2025-09-04T20:03:24+01:00,23,secondary
2025-09-04T20:03:56+01:00,60,primary
2025-09-04T20:03:56+01:00,11,secondary
2025-09-04T20:18:52+01:00,19,static
2025-09-05T06:51:17+01:00,21,primary
2025-09-05T06:51:17+01:00,13,secondary
2025-09-05T06:53:10+01:00,20,primary
2025-09-05T06:53:10+01:00,4,secondary
2025-09-05T06:54:14+01:00,13,primary
2025-09-05T06:54:14+01:00,30,secondary
2025-09-05T06:55:01+01:00,13,primary
2025-09-05T06:55:01+01:00,17,secondary
2025-09-05T06:56:15+01:00,43,primary
2025-09-05T06:56:15+01:00,25,secondary
2025-09-05T08:51:23+01:00,63,primary
2025-09-05T08:51:23+01:00,39,secondary
2025-09-05T08:53:21+01:00,31,primary
2025-09-05T08:53:21+01:00,35,secondary
2025-09-06T06:06:44+02:00,30,primary
2025-09-06T06:06:44+02:00,13,secondary
2025-09-06T06:07:35+02:00,41,primary
2025-09-06T06:07:35+02:00,11,secondary
2025-09-06T06:10:14+02:00,8,primary
2025-09-06T06:10:14+02:00,22,secondary
2025-09-06T06:12:23+02:00,49,primary
2025-09-06T06:12:23+02:00,39,secondary
2025-09-06T06:13:24+02:00,35,static
2025-09-06T06:26:43+02:00,54,primary
2025-09-06T06:26:43+02:00,21,secondary
2025-09-06T10:05:14+02:00,15,primary
2025-09-06T10:05:14+02:00,2,secondary
2025-09-08T07:27:15+02:00,26,primary
2025-09-08T07:27:15+02:00,36,secondary
2025-09-08T07:29:37+02:00,41,primary
2025-09-08T07:29:37+02:00,10,secondary
2025-09-08T07:30:10+02:00,59,primary
2025-09-08T07:30:10+02:00,11,secondary
2025-09-08T07:32:40+02:00,4,static
2025-09-08T07:36:32+02:00,43,primary
2025-09-08T07:36:32+02:00,54,secondary
2025-09-08T07:38:50+02:00,30,static
2025-09-08T08:06:19+02:00,25,primary
2025-09-08T08:06:19+02:00,9,secondary
2025-09-09T19:29:53+02:00,19,primary
2025-09-09T19:29:53+02:00,29,secondary
2025-09-10T07:28:12+02:00,39,static
2025-09-10T07:28:58+02:00,19,primary
2025-09-10T07:28:58+02:00,60,secondary
2025-09-10T07:29:58+02:00,59,static
2025-09-10T21:00:19+02:00,16,primary
2025-09-10T21:00:19+02:00,47,secondary
2025-09-10T21:01:05+02:00,46,primary
2025-09-10T21:01:05+02:00,7,secondary
2025-09-11T06:39:25+02:00,60,primary
2025-09-11T06:39:25+02:00,49,secondary
2025-09-11T07:31:20+02:00,14,static
2025-09-11T10:09:10+02:00,61,primary
2025-09-11T10:09:10+02:00,34,secondary
2025-09-11T10:09:34+02:00,16,static
2025-09-11T10:10:03+02:00,47,primary
2025-09-11T10:10:03+02:00,17,secondary
2025-09-11T21:51:39+02:00,12,primary
2025-09-11T21:51:39+02:00,25,secondary
2025-09-11T21:51:51+02:00,17,primary
2025-09-11T21:51:51+02:00,24,secondary
2025-09-11T21:57:57+02:00,51,primary
2025-09-11T21:57:57+02:00,7,secondary
2025-09-11T21:58:38+02:00,21,primary
2025-09-11T21:58:38+02:00,58,secondary
2025-09-11T22:18:57+02:00,10,primary
2025-09-11T22:18:57+02:00,18,secondary
2025-09-11T22:19:47+02:00,63,primary
2025-09-11T22:19:47+02:00,5,secondary
2025-09-13T07:46:04+02:00,50,primary
2025-09-13T07:46:04+02:00,32,secondary
2025-09-13T13:03:28+02:00,53,primary
2025-09-13T13:03:28+02:00,48,secondary
2025-09-13T13:04:17+02:00,34,primary
2025-09-13T13:04:17+02:00,5,secondary
2025-09-13T13:04:53+02:00,52,primary
2025-09-13T13:04:53+02:00,15,secondary
2025-09-13T13:05:31+02:00,17,primary
2025-09-13T13:05:31+02:00,31,secondary
2025-09-13T13:27:01+02:00,31,primary
2025-09-13T13:27:01+02:00,39,secondary
2025-09-13T13:27:44+02:00,23,primary
2025-09-13T13:27:44+02:00,24,secondary
2025-09-13T14:16:24+02:00,49,primary
2025-09-13T14:16:24+02:00,37,secondary
2025-09-13T14:16:59+02:00,42,primary
2025-09-13T14:16:59+02:00,17,secondary
2025-09-13T14:26:43+02:00,36,primary
2025-09-13T14:26:43+02:00,63,secondary
2025-09-13T14:27:17+02:00,41,primary
2025-09-13T14:27:17+02:00,9,secondary
2025-09-14T12:55:54+02:00,30,primary
2025-09-14T12:55:54+02:00,62,secondary
2025-09-14T12:56:30+02:00,51,static
2025-09-14T12:57:10+02:00,9,primary
2025-09-14T12:57:10+02:00,61,secondary
2025-09-14T12:57:51+02:00,5,primary
2025-09-14T12:57:51+02:00,59,secondary
2025-09-14T21:45:35+02:00,26,primary
2025-09-14T21:45:35+02:00,36,secondary
2025-09-14T21:58:00+02:00,47,primary
2025-09-14T21:58:00+02:00,63,secondary
2025-09-15T10:45:33+02:00,21,primary
2025-09-15T10:45:33+02:00,6,secondary
2025-09-15T11:22:31+02:00,26,primary
2025-09-15T11:22:31+02:00,2,secondary
2025-09-15T11:23:00+02:00,39,primary
2025-09-15T11:23:00+02:00,15,secondary
2025-09-15T11:23:37+02:00,60,primary
2025-09-15T11:23:37+02:00,58,secondary
2025-09-15T11:34:37+02:00,49,primary
2025-09-15T11:34:37+02:00,25,secondary
2025-09-15T11:35:06+02:00,30,static
2025-09-15T12:02:17+02:00,62,static
2025-09-15T12:02:49+02:00,48,primary
2025-09-15T12:02:49+02:00,53,secondary
2025-09-15T12:03:21+02:00,44,static
2025-09-15T12:04:22+02:00,9,primary
2025-09-15T12:04:22+02:00,30,secondary
2025-09-15T12:04:56+02:00,44,static
2025-09-15T12:17:51+02:00,5,primary
2025-09-15T12:17:51+02:00,48,secondary
2025-09-15T13:40:52+02:00,2,primary
2025-09-15T13:40:52+02:00,24,secondary
2025-09-15T22:14:17+02:00,9,primary
2025-09-15T22:14:17+02:00,5,secondary
2025-09-15T22:15:01+02:00,49,primary
2025-09-15T22:15:01+02:00,63,secondary
2025-09-16T06:46:08+02:00,29,primary
2025-09-16T06:46:08+02:00,48,secondary
2025-09-16T06:49:12+02:00,58,primary
2025-09-16T06:49:12+02:00,10,secondary
2025-09-16T10:19:26+02:00,23,primary
2025-09-16T10:19:26+02:00,61,secondary
2025-09-16T10:20:20+02:00,39,primary
2025-09-16T10:20:20+02:00,47,secondary
2025-09-16T17:48:30+02:00,7,static
2025-09-16T17:49:20+02:00,37,primary
2025-09-16T17:49:20+02:00,41,secondary
2025-09-16T17:55:22+02:00,23,primary
2025-09-16T17:55:22+02:00,7,secondary
2025-09-16T17:56:11+02:00,1,primary
2025-09-16T17:56:11+02:00,53,secondary
2025-09-16T17:56:38+02:00,25,primary
2025-09-16T17:56:38+02:00,12,secondary
2025-09-16T17:57:02+02:00,53,static
2025-09-16T17:58:02+02:00,21,primary
2025-09-16T17:58:02+02:00,30,secondary
2025-09-16T18:30:40+02:00,38,primary
2025-09-16T18:30:40+02:00,61,secondary
2025-09-16T18:34:16+02:00,29,primary
2025-09-16T18:34:16+02:00,61,secondary
2025-09-16T21:42:49+02:00,31,primary
2025-09-16T21:42:49+02:00,33,secondary
2025-09-16T21:43:21+02:00,54,primary
2025-09-16T21:43:21+02:00,24,secondary
2025-09-16T21:46:31+02:00,15,primary
2025-09-16T21:46:31+02:00,43,secondary
2025-09-16T21:47:17+02:00,52,primary
2025-09-16T21:47:17+02:00,48,secondary
2025-09-16T21:53:01+02:00,12,primary
2025-09-16T21:53:01+02:00,8,secondary
2025-09-16T21:53:32+02:00,14,primary
2025-09-16T21:53:32+02:00,31,secondary
2025-09-16T21:54:27+02:00,4,primary
2025-09-16T21:54:27+02:00,38,secondary
2025-09-16T21:55:23+02:00,53,primary
2025-09-16T21:55:23+02:00,44,secondary
2025-09-16T22:07:06+02:00,53,primary
2025-09-16T22:07:06+02:00,37,secondary
2025-09-16T22:08:03+02:00,7,primary
2025-09-16T22:08:03+02:00,40,secondary
2025-09-16T22:17:12+02:00,33,primary
2025-09-16T22:17:12+02:00,57,secondary
2025-09-16T22:20:02+02:00,29,primary
2025-09-16T22:20:02+02:00,48,secondary
2025-09-17T06:36:03+02:00,17,primary
2025-09-17T06:36:03+02:00,60,secondary
2025-09-17T07:13:50+02:00,45,primary
2025-09-17T07:13:50+02:00,49,secondary
2025-09-17T07:18:42+02:00,49,primary
2025-09-17T07:18:42+02:00,44,secondary
2025-09-17T07:19:20+02:00,36,primary
2025-09-17T07:19:20+02:00,34,secondary
2025-09-17T07:23:11+02:00,29,primary
2025-09-17T07:23:11+02:00,28,secondary
2025-09-17T07:23:47+02:00,19,static
2025-09-17T07:24:20+02:00,24,primary
2025-09-17T07:24:20+02:00,14,secondary
2025-09-17T07:25:00+02:00,20,primary
2025-09-17T07:25:00+02:00,37,secondary
2025-09-17T07:25:31+02:00,47,primary
2025-09-17T07:25:31+02:00,62,secondary
2025-09-17T09:16:49+02:00,35,static
2025-09-17T09:17:18+02:00,23,primary
2025-09-17T09:17:18+02:00,41,secondary
2025-09-17T09:18:44+02:00,12,primary
2025-09-17T09:18:44+02:00,21,secondary
2025-09-17T09:19:33+02:00,8,primary
2025-09-17T09:19:33+02:00,51,secondary
2025-09-17T12:36:40+02:00,11,primary
2025-09-17T12:36:40+02:00,5,secondary
2025-09-17T12:37:48+02:00,37,primary
2025-09-17T12:37:48+02:00,1,secondary
2025-09-17T12:38:14+02:00,30,primary
2025-09-17T12:38:14+02:00,62,secondary
2025-09-17T12:41:19+02:00,45,primary
2025-09-17T12:41:19+02:00,31,secondary
2025-09-17T12:41:47+02:00,33,primary
2025-09-17T12:41:47+02:00,42,secondary
2025-09-18T10:30:51+02:00,60,primary
2025-09-18T10:30:51+02:00,47,secondary
2025-09-18T17:17:26+02:00,12,primary
2025-09-18T17:17:26+02:00,64,secondary
2025-09-18T17:18:33+02:00,15,primary
2025-09-18T17:18:33+02:00,39,secondary
2025-09-18T20:04:08+02:00,27,primary
2025-09-18T20:04:08+02:00,38,secondary
2025-09-18T20:04:34+02:00,9,static
2025-09-18T20:05:03+02:00,55,primary
2025-09-18T20:05:03+02:00,51,secondary
2025-09-19T07:28:40+02:00,2,primary
2025-09-19T07:28:40+02:00,47,secondary
2025-09-19T07:29:31+02:00,38,primary
2025-09-19T07:29:31+02:00,26,secondary
2025-09-19T07:30:17+02:00,51,primary
2025-09-19T07:30:17+02:00,36,secondary
2025-09-19T07:30:53+02:00,1,primary
2025-09-19T07:30:53+02:00,25,secondary
2025-09-19T07:31:26+02:00,6,primary
2025-09-19T07:31:26+02:00,50,secondary
2025-09-19T07:32:18+02:00,51,primary
2025-09-19T07:32:18+02:00,25,secondary
2025-09-19T07:32:53+02:00,32,primary
2025-09-19T07:32:53+02:00,34,secondary
2025-09-19T07:33:44+02:00,35,primary
2025-09-19T07:33:44+02:00,18,secondary
2025-09-19T07:57:19+02:00,52,primary
2025-09-19T07:57:19+02:00,26,secondary
2025-09-19T07:58:06+02:00,15,primary
2025-09-19T07:58:06+02:00,30,secondary
2025-09-19T07:59:07+02:00,37,primary
2025-09-19T07:59:07+02:00,53,secondary
2025-09-19T08:01:33+02:00,51,primary
2025-09-19T08:01:33+02:00,16,secondary
2025-09-19T08:02:26+02:00,9,primary
2025-09-19T08:02:26+02:00,43,secondary
2025-09-19T08:03:05+02:00,1,primary
2025-09-19T08:03:05+02:00,30,secondary
2025-09-19T08:03:40+02:00,39,primary
2025-09-19T08:03:40+02:00,28,secondary
2025-09-19T08:20:56+02:00,49,primary
2025-09-19T08:20:56+02:00,31,secondary
2025-09-19T08:21:28+02:00,21,primary
2025-09-19T08:21:28+02:00,23,secondary
2025-09-19T08:22:05+02:00,55,primary
2025-09-19T08:22:05+02:00,30,secondary
2025-09-19T09:03:12+02:00,64,primary
2025-09-19T09:03:12+02:00,40,secondary
2025-09-19T09:06:59+02:00,58,primary
2025-09-19T09:06:59+02:00,43,secondary
2025-09-19T09:12:59+02:00,12,primary
2025-09-19T09:12:59+02:00,8,secondary
2025-09-19T09:13:48+02:00,34,static
2025-09-19T09:25:19+02:00,32,primary
2025-09-19T09:25:19+02:00,7,secondary
2025-09-20T17:27:41+02:00,8,primary
2025-09-20T17:27:41+02:00,49,secondary
2025-09-20T17:28:30+02:00,27,primary
2025-09-20T17:28:30+02:00,3,secondary
2025-09-20T19:40:45+02:00,36,primary
2025-09-20T19:40:45+02:00,8,secondary
2025-09-21T18:12:12+02:00,52,static
2025-09-21T18:13:20+02:00,13,primary
2025-09-21T18:13:20+02:00,63,secondary
2025-09-21T18:15:03+02:00,12,primary
2025-09-21T18:15:03+02:00,17,secondary
2025-09-21T18:15:34+02:00,23,primary
2025-09-21T18:15:34+02:00,53,secondary
2025-09-21T19:08:12+02:00,12,primary
2025-09-21T19:08:12+02:00,21,secondary
2025-09-24T22:22:19+02:00,48,primary
2025-09-24T22:22:19+02:00,39,secondary
2025-09-24T22:23:23+02:00,14,static
2025-09-24T22:24:02+02:00,42,static
2025-09-24T22:24:35+02:00,60,static
2025-09-27T17:14:25+02:00,9,primary
2025-09-27T17:14:25+02:00,7,secondary
2025-09-27T17:14:57+02:00,13,primary
2025-09-27T17:14:57+02:00,37,secondary
2025-09-27T17:15:30+02:00,13,primary
2025-09-27T17:15:30+02:00,20,secondary
2025-09-27T23:22:18+02:00,25,primary
2025-09-27T23:22:18+02:00,12,secondary
2025-09-28T11:08:05+02:00,50,primary
2025-09-28T11:08:05+02:00,52,secondary
2025-09-28T11:10:05+02:00,62,static
2025-09-28T11:10:40+02:00,59,primary
2025-09-28T11:10:40+02:00,20,secondary
2025-09-28T11:11:20+02:00,58,primary
2025-09-28T11:11:20+02:00,3,secondary
2025-09-28T22:22:01+02:00,20,primary
2025-09-28T22:22:01+02:00,10,secondary
2025-09-29T07:30:33+02:00,34,primary
2025-09-29T07:30:33+02:00,32,secondary
2025-09-29T07:33:49+02:00,56,primary
2025-09-29T07:33:49+02:00,1,secondary
2025-09-29T07:47:14+02:00,19,static
2025-09-29T15:57:24+02:00,50,primary
2025-09-29T15:57:24+02:00,18,secondary
2025-09-29T15:57:54+02:00,25,primary
2025-09-29T15:57:54+02:00,33,secondary
2025-09-29T15:59:31+02:00,42,primary
2025-09-29T15:59:31+02:00,20,secondary
2025-09-29T15:59:52+02:00,7,static
2025-09-29T16:33:28+02:00,44,primary
2025-09-29T16:33:28+02:00,28,secondary
2025-09-29T16:34:08+02:00,43,primary
2025-09-29T16:34:08+02:00,47,secondary
2025-09-29T16:34:36+02:00,19,primary
2025-09-29T16:34:36+02:00,59,secondary
2025-09-29T16:35:27+02:00,34,primary
2025-09-29T16:35:27+02:00,64,secondary
2025-09-29T18:07:32+02:00,31,primary
2025-09-29T18:07:32+02:00,39,secondary
2025-09-29T18:08:08+02:00,45,primary
2025-09-29T18:08:08+02:00,12,secondary
2025-09-29T18:08:38+02:00,9,primary
2025-09-29T18:08:38+02:00,60,secondary
2025-09-29T19:50:32+02:00,32,primary
2025-09-29T19:50:32+02:00,16,secondary
2025-09-29T21:32:24+02:00,52,primary
2025-09-29T21:32:24+02:00,18,secondary
2025-09-30T07:33:46+02:00,35,primary
2025-09-30T07:33:46+02:00,45,secondary
2025-09-30T14:05:14+02:00,28,primary
2025-09-30T14:05:14+02:00,18,secondary
2025-09-30T16:05:38+02:00,30,primary
2025-09-30T16:05:38+02:00,37,secondary
2025-09-30T20:11:14+02:00,20,primary
2025-09-30T20:11:14+02:00,22,secondary
2025-10-01T08:21:16+02:00,45,primary
2025-10-01T08:21:16+02:00,20,secondary
2025-10-01T08:24:04+02:00,18,static
2025-10-01T08:31:06+02:00,11,primary
2025-10-01T08:31:06+02:00,39,secondary
2025-10-01T09:18:44+02:00,46,static
2025-10-01T09:19:25+02:00,28,primary
2025-10-01T09:19:25+02:00,6,secondary
2025-10-02T05:51:37+02:00,47,primary
2025-10-02T05:51:37+02:00,13,secondary
2025-10-02T05:52:09+02:00,22,static
2025-10-02T05:53:31+02:00,57,primary
2025-10-02T05:53:31+02:00,33,secondary
2025-10-02T05:54:24+02:00,43,primary
2025-10-02T05:54:24+02:00,9,secondary
2025-10-02T05:55:11+02:00,44,primary
2025-10-02T05:55:11+02:00,28,secondary
2025-10-02T05:58:53+02:00,33,static
2025-10-02T05:59:25+02:00,17,primary
2025-10-02T05:59:25+02:00,24,secondary
2025-10-02T06:00:04+02:00,53,primary
2025-10-02T06:00:04+02:00,57,secondary
2025-10-02T06:00:35+02:00,64,primary
2025-10-02T06:00:35+02:00,47,secondary
2025-10-02T06:01:08+02:00,22,primary
2025-10-02T06:01:08+02:00,4,secondary
2025-10-02T06:02:02+02:00,28,primary
2025-10-02T06:02:02+02:00,48,secondary
2025-10-02T06:03:22+02:00,2,primary
2025-10-02T06:03:22+02:00,23,secondary
2025-10-02T06:04:23+02:00,10,primary
2025-10-02T06:04:23+02:00,14,secondary
2025-10-02T06:04:57+02:00,31,primary
2025-10-02T06:04:57+02:00,56,secondary
2025-10-02T06:06:09+02:00,17,primary
2025-10-02T06:06:09+02:00,16,secondary
2025-10-02T06:06:51+02:00,34,static
2025-10-02T06:07:34+02:00,42,primary
2025-10-02T06:07:34+02:00,26,secondary
2025-10-02T06:08:11+02:00,46,primary
2025-10-02T06:08:11+02:00,50,secondary
2025-10-02T06:08:51+02:00,16,primary
2025-10-02T06:08:51+02:00,51,secondary
2025-10-02T06:12:41+02:00,39,primary
2025-10-02T06:12:41+02:00,48,secondary
2025-10-02T06:13:10+02:00,23,static
2025-10-02T06:14:47+02:00,28,static
2025-10-02T06:29:04+02:00,63,static
2025-10-02T06:29:41+02:00,58,primary
2025-10-02T06:29:41+02:00,10,secondary
2025-10-02T06:30:22+02:00,22,primary
2025-10-02T06:30:22+02:00,9,secondary
2025-10-02T06:30:54+02:00,11,primary
2025-10-02T06:30:54+02:00,19,secondary
2025-10-02T06:31:29+02:00,27,primary
2025-10-02T06:31:29+02:00,22,secondary
2025-10-02T06:31:56+02:00,49,static
2025-10-02T06:36:30+02:00,7,static
2025-10-02T06:45:40+02:00,44,static
2025-10-02T12:42:12+02:00,8,primary
2025-10-02T12:42:12+02:00,61,secondary
2025-10-03T05:29:39+02:00,8,primary
2025-10-03T05:29:39+02:00,39,secondary
2025-10-03T05:30:20+02:00,42,primary
2025-10-03T05:30:20+02:00,20,secondary
2025-10-03T05:34:02+02:00,26,primary
2025-10-03T05:34:02+02:00,22,secondary
2025-10-03T06:11:15+02:00,64,primary
2025-10-03T06:11:15+02:00,33,secondary
2025-10-03T06:11:58+02:00,32,primary
2025-10-03T06:11:58+02:00,46,secondary
2025-10-03T06:18:14+02:00,9,primary
2025-10-03T06:18:14+02:00,59,secondary
2025-10-03T06:24:51+02:00,26,primary
2025-10-03T06:24:51+02:00,1,secondary
2025-10-03T06:25:26+02:00,27,primary
2025-10-03T06:25:26+02:00,24,secondary
2025-10-03T06:39:46+02:00,35,static
2025-10-03T06:42:50+02:00,13,static
2025-10-03T07:08:11+02:00,30,primary
2025-10-03T07:08:11+02:00,13,secondary
2025-10-03T08:05:41+02:00,5,static
2025-10-03T08:18:52+02:00,42,primary
2025-10-03T08:18:52+02:00,13,secondary
2025-10-03T13:20:02+02:00,24,primary
2025-10-03T13:20:02+02:00,37,secondary
2025-10-04T21:45:21+02:00,37,static
2025-10-04T21:45:50+02:00,6,primary
2025-10-04T21:45:50+02:00,44,secondary
2025-10-04T21:46:21+02:00,12,primary
2025-10-04T21:46:21+02:00,25,secondary
2025-10-04T21:46:55+02:00,47,primary
2025-10-04T21:46:55+02:00,28,secondary
2025-10-04T21:47:19+02:00,29,static
2025-10-04T21:49:43+02:00,21,primary
2025-10-04T21:49:43+02:00,25,secondary
2025-10-04T21:50:14+02:00,30,primary
2025-10-04T21:50:14+02:00,14,secondary
2025-10-04T21:50:47+02:00,50,primary
2025-10-04T21:50:47+02:00,14,secondary
2025-10-04T21:55:38+02:00,32,primary
2025-10-04T21:55:38+02:00,44,secondary
2025-10-04T22:00:49+02:00,16,static
2025-10-04T22:03:15+02:00,62,static
2025-10-04T22:04:26+02:00,14,primary
2025-10-04T22:04:26+02:00,34,secondary
2025-10-04T22:05:08+02:00,8,static
2025-10-04T22:13:08+02:00,55,primary
2025-10-04T22:13:08+02:00,3,secondary
2025-10-04T22:13:46+02:00,25,primary
2025-10-04T22:13:46+02:00,17,secondary
2025-10-05T13:44:34+02:00,7,primary
2025-10-05T13:44:34+02:00,19,secondary
2025-10-05T13:47:19+02:00,28,static
2025-10-05T14:01:06+02:00,49,primary
2025-10-05T14:01:06+02:00,63,secondary
2025-10-05T14:01:37+02:00,17,primary
2025-10-05T14:01:37+02:00,42,secondary
2025-10-05T14:02:59+02:00,4,primary
2025-10-05T14:02:59+02:00,7,secondary
2025-10-05T14:03:35+02:00,31,primary
2025-10-05T14:03:35+02:00,49,secondary
2025-10-05T14:04:05+02:00,33,static
2025-10-05T14:09:46+02:00,16,static
2025-10-05T18:51:52+02:00,6,primary
2025-10-05T18:51:52+02:00,10,secondary
2025-10-05T21:43:12+02:00,56,primary
2025-10-05T21:43:12+02:00,50,secondary
2025-10-05T21:43:48+02:00,63,static
2025-10-06T22:19:18+02:00,20,primary
2025-10-06T22:19:18+02:00,27,secondary
2025-10-06T22:20:14+02:00,2,primary
2025-10-06T22:20:14+02:00,24,secondary
2025-10-06T22:21:03+02:00,18,primary
2025-10-06T22:21:03+02:00,57,secondary
2025-10-06T22:26:35+02:00,24,primary
2025-10-06T22:26:35+02:00,19,secondary
2025-10-06T22:27:36+02:00,38,primary
2025-10-06T22:27:36+02:00,21,secondary
2025-10-07T07:59:02+02:00,38,static
2025-10-07T07:59:48+02:00,8,primary
2025-10-07T07:59:48+02:00,54,secondary
2025-10-07T21:52:17+02:00,2,primary
2025-10-07T21:52:17+02:00,16,secondary
2025-10-07T22:07:46+02:00,1,primary
2025-10-07T22:07:46+02:00,30,secondary
2025-10-10T07:03:42+02:00,62,primary
2025-10-10T07:03:42+02:00,34,secondary
2025-10-10T22:42:34+02:00,21,primary
2025-10-10T22:42:34+02:00,30,secondary
2025-10-10T22:44:46+02:00,55,primary
2025-10-10T22:44:46+02:00,36,secondary
2025-10-11T22:35:59+02:00,19,primary
2025-10-11T22:35:59+02:00,7,secondary
2025-10-12T18:03:02+02:00,61,primary
2025-10-12T18:03:02+02:00,12,secondary
2025-10-12T18:04:14+02:00,55,primary
2025-10-12T18:04:14+02:00,36,secondary
2025-10-16T06:30:55+02:00,18,primary
2025-10-16T06:30:55+02:00,54,secondary
2025-10-20T22:39:30+02:00,64,primary
2025-10-20T22:39:30+02:00,41,secondary
2025-10-23T21:44:20+02:00,43,primary
2025-10-23T21:44:20+02:00,1,secondary
2025-10-23T21:55:20+02:00,37,primary
2025-10-23T21:55:20+02:00,17,secondary
2025-10-30T07:11:09+01:00,53,primary
2025-10-30T07:11:09+01:00,18,secondary
2025-10-30T07:11:41+01:00,55,primary
2025-10-30T07:11:41+01:00,63,secondary
2025-10-30T07:12:14+01:00,60,primary
2025-10-30T07:12:14+01:00,63,secondary
2025-10-30T07:12:52+01:00,18,primary
2025-10-30T07:12:52+01:00,44,secondary
2025-10-30T07:14:34+01:00,6,static
2025-10-30T07:15:31+01:00,41,primary
2025-10-30T07:15:31+01:00,27,secondary
2025-10-30T07:16:04+01:00,24,primary
2025-10-30T07:16:04+01:00,17,secondary
2025-10-30T07:16:42+01:00,12,primary
2025-10-30T07:16:42+01:00,33,secondary
2025-10-30T07:17:14+01:00,14,static
2025-10-30T07:29:47+01:00,23,primary
2025-10-30T07:29:47+01:00,15,secondary
2025-10-30T07:30:04+01:00,40,static
2025-10-30T07:31:04+01:00,30,primary
2025-10-30T07:31:04+01:00,17,secondary
2025-10-30T07:32:02+01:00,61,primary
2025-10-30T07:32:02+01:00,38,secondary
2025-10-30T08:05:12+01:00,5,primary
2025-10-30T08:05:12+01:00,1,secondary
2025-10-30T08:10:53+01:00,13,primary
2025-10-30T08:10:53+01:00,56,secondary
2025-11-02T06:43:59+01:00,2,primary
2025-11-02T06:43:59+01:00,15,secondary
2025-11-02T06:44:32+01:00,27,primary
2025-11-02T06:44:32+01:00,23,secondary
2025-11-02T06:47:15+01:00,39,primary
2025-11-02T06:47:15+01:00,17,secondary
2025-11-02T06:47:53+01:00,39,static
2025-11-02T06:48:20+01:00,50,static
2025-11-02T06:49:15+01:00,57,primary
2025-11-02T06:49:15+01:00,46,secondary
2025-11-02T06:58:51+01:00,33,primary
2025-11-02T06:58:51+01:00,36,secondary
2025-11-03T14:38:34+01:00,55,primary
2025-11-03T14:38:34+01:00,24,secondary
2025-11-03T14:39:02+01:00,32,static
2025-11-03T14:39:38+01:00,16,primary
2025-11-03T14:39:38+01:00,7,secondary
2025-11-03T14:40:11+01:00,15,primary
2025-11-03T14:40:11+01:00,54,secondary
2025-11-03T14:40:45+01:00,16,primary
2025-11-03T14:40:45+01:00,54,secondary
2025-11-03T17:05:23+01:00,60,primary
2025-11-03T17:05:23+01:00,47,secondary
2025-11-03T17:06:00+01:00,2,primary
2025-11-03T17:06:00+01:00,52,secondary
2025-11-03T17:06:43+01:00,38,primary
2025-11-03T17:06:43+01:00,21,secondary
2025-11-03T17:07:09+01:00,30,static
2025-11-03T17:08:03+01:00,1,primary
2025-11-03T17:08:03+01:00,49,secondary
2025-11-03T17:08:31+01:00,49,static
2025-11-03T17:13:34+01:00,61,primary
2025-11-03T17:13:34+01:00,47,secondary
2025-11-03T22:14:33+01:00,22,primary
2025-11-03T22:14:33+01:00,42,secondary
2025-11-03T22:15:15+01:00,2,primary
2025-11-03T22:15:15+01:00,27,secondary
2025-11-03T22:22:07+01:00,16,primary
2025-11-03T22:22:07+01:00,15,secondary
2025-11-04T07:22:58+01:00,27,static
2025-11-05T14:23:24+01:00,58,primary
2025-11-05T14:23:24+01:00,14,secondary
2025-11-05T14:24:02+01:00,43,primary
2025-11-05T14:24:02+01:00,5,secondary
2025-11-08T20:00:38+01:00,4,primary
2025-11-08T20:00:38+01:00,38,secondary
2025-11-08T20:14:42+01:00,50,primary
2025-11-08T20:14:42+01:00,23,secondary
2025-11-08T20:15:15+01:00,1,primary
2025-11-08T20:15:15+01:00,58,secondary
2025-11-08T20:16:25+01:00,42,primary
2025-11-08T20:16:25+01:00,27,secondary
2025-11-08T20:16:53+01:00,43,static
2025-11-08T20:22:21+01:00,34,primary
2025-11-08T20:22:21+01:00,30,secondary
2025-11-08T20:23:09+01:00,8,primary
2025-11-08T20:23:09+01:00,47,secondary
2025-11-08T22:42:34+01:00,2,primary
2025-11-08T22:42:34+01:00,8,secondary
2025-11-08T22:43:12+01:00,19,primary
2025-11-08T22:43:12+01:00,58,secondary
2025-11-09T17:26:36+01:00,11,primary
2025-11-09T17:26:36+01:00,52,secondary
2025-11-09T17:26:54+01:00,56,primary
2025-11-09T17:26:54+01:00,33,secondary
2025-11-10T18:51:12+01:00,47,primary
2025-11-10T18:51:12+01:00,57,secondary
2025-11-10T18:51:38+01:00,51,primary
2025-11-10T18:51:38+01:00,24,secondary
2025-11-10T18:59:31+01:00,55,primary
2025-11-10T18:59:31+01:00,51,secondary
2025-11-10T20:59:32+01:00,17,primary
2025-11-10T20:59:32+01:00,38,secondary
2025-11-10T21:00:43+01:00,48,primary
2025-11-10T21:00:43+01:00,5,secondary
2025-11-10T21:01:02+01:00,57,primary
2025-11-10T21:01:02+01:00,59,secondary
2025-11-10T21:01:32+01:00,20,primary
2025-11-10T21:01:32+01:00,44,secondary
2025-11-10T21:02:02+01:00,63,primary
2025-11-10T21:02:02+01:00,31,secondary
2025-11-10T21:02:28+01:00,36,static
2025-11-10T21:03:00+01:00,57,primary
2025-11-10T21:03:00+01:00,59,secondary
2025-11-10T21:03:33+01:00,18,primary
2025-11-10T21:03:33+01:00,30,secondary
2025-11-10T21:59:50+01:00,29,static
2025-11-10T22:05:22+01:00,38,primary
2025-11-10T22:05:22+01:00,4,secondary
2025-11-10T22:06:00+01:00,48,primary
2025-11-10T22:06:00+01:00,1,secondary
2025-11-10T22:07:12+01:00,19,primary
2025-11-10T22:07:12+01:00,60,secondary
2025-11-11T07:53:45+01:00,54,primary
2025-11-11T07:53:45+01:00,32,secondary
2025-11-11T07:54:11+01:00,38,primary
2025-11-11T07:54:11+01:00,21,secondary
2025-11-11T20:16:49+01:00,13,primary
2025-11-11T20:16:49+01:00,44,secondary
2025-11-11T20:47:21+01:00,1,primary
2025-11-11T20:47:21+01:00,6,secondary
2025-11-11T21:09:13+01:00,42,primary
2025-11-11T21:09:13+01:00,25,secondary
2025-11-11T21:21:11+01:00,31,primary
2025-11-11T21:21:11+01:00,62,secondary
2025-11-11T22:10:46+01:00,43,primary
2025-11-11T22:10:46+01:00,60,secondary
2025-11-12T13:37:12+01:00,5,primary
2025-11-12T13:37:12+01:00,7,secondary
2025-11-12T13:37:41+01:00,13,primary
2025-11-12T13:37:41+01:00,30,secondary
2025-11-12T13:52:47+01:00,42,static
2025-11-12T13:53:15+01:00,2,primary
2025-11-12T13:53:15+01:00,36,secondary
2025-11-12T16:51:06+01:00,23,primary
2025-11-12T16:51:06+01:00,62,secondary
2025-11-12T16:51:34+01:00,31,static
2025-11-12T16:56:52+01:00,56,static
2025-11-12T16:57:25+01:00,9,primary
2025-11-12T16:57:25+01:00,60,secondary
2025-11-12T16:57:52+01:00,64,primary
2025-11-12T16:57:52+01:00,7,secondary
2025-11-12T18:43:34+01:00,15,primary
2025-11-12T18:43:34+01:00,22,secondary
2025-11-12T19:14:42+01:00,55,static
2025-11-12T21:04:38+01:00,37,primary
2025-11-12T21:04:38+01:00,14,secondary
2025-11-12T22:34:56+01:00,1,primary
2025-11-12T22:34:56+01:00,26,secondary
2025-11-13T21:53:08+01:00,4,primary
2025-11-13T21:53:08+01:00,36,secondary
2025-11-13T21:53:45+01:00,31,primary
2025-11-13T21:53:45+01:00,55,secondary
2025-11-14T09:47:24+01:00,13,primary
2025-11-14T09:47:24+01:00,36,secondary
2025-11-14T22:20:20+01:00,43,primary
2025-11-14T22:20:20+01:00,28,secondary
2025-11-14T22:21:30+01:00,37,primary
2025-11-14T22:21:30+01:00,61,secondary
2025-11-14T22:22:21+01:00,37,primary
2025-11-14T22:22:21+01:00,61,secondary
2025-11-14T22:22:49+01:00,53,static
2025-11-14T22:27:20+01:00,40,primary
2025-11-14T22:27:20+01:00,38,secondary
2025-11-15T22:25:31+01:00,5,primary
2025-11-15T22:25:31+01:00,6,secondary
2025-11-15T22:26:37+01:00,60,static
2025-11-15T22:27:10+01:00,39,static
2025-11-15T22:30:49+01:00,58,primary
2025-11-15T22:30:49+01:00,64,secondary
2025-11-16T05:57:37+01:00,2,primary
2025-11-16T05:57:37+01:00,59,secondary
2025-11-16T06:36:06+01:00,63,primary
2025-11-16T06:36:06+01:00,13,secondary
2025-11-16T10:44:13+01:00,42,primary
2025-11-16T10:44:13+01:00,13,secondary
2025-11-16T18:18:28+01:00,11,primary
2025-11-16T18:18:28+01:00,26,secondary
2025-11-16T18:22:46+01:00,63,primary
2025-11-16T18:22:46+01:00,5,secondary
2025-11-16T21:32:45+01:00,13,primary
2025-11-16T21:32:45+01:00,1,secondary
2025-11-16T21:46:40+01:00,40,primary
2025-11-16T21:46:40+01:00,16,secondary
2025-11-17T22:08:56+01:00,23,static
2025-11-17T22:09:38+01:00,10,primary
2025-11-17T22:09:38+01:00,23,secondary
2025-11-17T22:10:12+01:00,3,primary
2025-11-17T22:10:12+01:00,8,secondary
2025-11-17T22:10:46+01:00,8,primary
2025-11-17T22:10:46+01:00,63,secondary
2025-11-17T22:11:19+01:00,18,primary
2025-11-17T22:11:19+01:00,7,secondary
2025-11-17T22:13:29+01:00,34,static
2025-11-17T22:14:06+01:00,12,primary
2025-11-17T22:14:06+01:00,40,secondary
2025-11-17T22:14:45+01:00,20,primary
2025-11-17T22:14:45+01:00,4,secondary
2025-11-18T08:00:48+01:00,54,primary
2025-11-18T08:00:48+01:00,19,secondary
2025-11-18T08:11:30+01:00,18,primary
2025-11-18T08:11:30+01:00,7,secondary
2025-11-18T08:12:05+01:00,9,primary
2025-11-18T08:12:05+01:00,59,secondary
2025-11-18T08:53:02+01:00,41,primary
2025-11-18T08:53:02+01:00,38,secondary
2025-11-18T08:53:30+01:00,57,primary
2025-11-18T08:53:30+01:00,53,secondary
2025-11-18T08:53:57+01:00,9,static
2025-11-18T17:03:06+01:00,27,primary
2025-11-18T17:03:06+01:00,41,secondary
2025-11-18T19:27:25+01:00,33,static
2025-11-18T19:27:59+01:00,62,primary
2025-11-18T19:27:59+01:00,12,secondary
2025-11-19T22:51:47+01:00,17,primary
2025-11-19T22:51:47+01:00,49,secondary
2025-11-19T22:57:34+01:00,45,primary
2025-11-19T22:57:34+01:00,31,secondary
2025-11-20T23:04:27+01:00,43,primary
2025-11-20T23:04:27+01:00,51,secondary
2025-11-20T23:05:05+01:00,62,primary
2025-11-20T23:05:05+01:00,33,secondary
2025-11-20T23:05:41+01:00,46,primary
2025-11-20T23:05:41+01:00,2,secondary
2025-11-20T23:06:15+01:00,10,primary
2025-11-20T23:06:15+01:00,35,secondary
2025-11-21T20:20:30+01:00,22,primary
2025-11-21T20:20:30+01:00,26,secondary
2025-11-21T20:21:06+01:00,35,static
2025-11-21T20:22:24+01:00,29,static
2025-11-21T20:25:23+01:00,4,primary
2025-11-21T20:25:23+01:00,7,secondary
2025-11-21T20:27:55+01:00,22,primary
2025-11-21T20:27:55+01:00,63,secondary
2025-11-22T14:46:06+01:00,39,static
2025-11-22T16:59:53+01:00,64,primary
2025-11-22T16:59:53+01:00,23,secondary
2025-11-22T17:00:25+01:00,3,primary
2025-11-22T17:00:25+01:00,39,secondary
2025-11-22T20:33:29+01:00,26,primary
2025-11-22T20:33:29+01:00,18,secondary
2025-11-24T21:41:11+01:00,44,primary
2025-11-24T21:41:11+01:00,6,secondary
2025-11-24T21:44:04+01:00,11,primary
2025-11-24T21:44:04+01:00,63,secondary
2025-11-24T22:19:13+01:00,39,primary
2025-11-24T22:19:13+01:00,52,secondary
2025-11-24T22:20:05+01:00,62,primary
2025-11-24T22:20:05+01:00,32,secondary
2025-11-24T22:26:19+01:00,32,primary
2025-11-24T22:26:19+01:00,50,secondary
2025-11-24T22:30:29+01:00,58,primary
2025-11-24T22:30:29+01:00,54,secondary
2025-11-24T22:31:02+01:00,47,primary
2025-11-24T22:31:02+01:00,8,secondary
2025-11-24T22:56:19+01:00,52,static
2025-11-24T23:09:04+01:00,14,primary
2025-11-24T23:09:04+01:00,1,secondary
2025-11-25T22:36:58+01:00,20,primary
2025-11-25T22:36:58+01:00,52,secondary
2025-11-25T22:51:16+01:00,9,primary
2025-11-25T22:51:16+01:00,13,secondary
2025-11-25T22:51:59+01:00,21,primary
2025-11-25T22:51:59+01:00,27,secondary
2025-11-26T06:25:43+01:00,16,primary
2025-11-26T06:25:43+01:00,39,secondary
2025-11-26T06:47:30+01:00,27,primary
2025-11-26T06:47:30+01:00,7,secondary
2025-11-26T06:49:22+01:00,56,primary
2025-11-26T06:49:22+01:00,9,secondary
2025-11-26T07:28:07+01:00,10,primary
2025-11-26T07:28:07+01:00,14,secondary
2025-11-26T17:24:48+01:00,45,static
2025-11-27T05:56:42+01:00,11,static
2025-11-29T04:59:07+01:00,13,primary
2025-11-29T04:59:07+01:00,42,secondary
2025-11-29T05:02:28+01:00,24,primary
2025-11-29T05:02:28+01:00,59,secondary
2025-11-29T05:10:37+01:00,60,static
2025-11-29T05:12:44+01:00,45,primary
2025-11-29T05:12:44+01:00,31,secondary
2025-11-29T05:13:30+01:00,14,primary
2025-11-29T05:13:30+01:00,38,secondary
2025-11-29T22:42:58+01:00,16,primary
2025-11-29T22:42:58+01:00,24,secondary
2025-11-29T22:43:50+01:00,15,primary
2025-11-29T22:43:50+01:00,29,secondary
2025-12-01T16:20:48+01:00,26,primary
2025-12-01T16:20:48+01:00,37,secondary
2025-12-01T16:22:49+01:00,54,primary
2025-12-01T16:22:49+01:00,58,secondary
2025-12-02T06:47:06+01:00,25,primary
2025-12-02T06:47:06+01:00,8,secondary
2025-12-02T06:47:47+01:00,35,primary
2025-12-02T06:47:47+01:00,4,secondary
2025-12-02T06:53:03+01:00,26,primary
2025-12-02T06:53:03+01:00,18,secondary
2025-12-02T06:55:48+01:00,21,primary
2025-12-02T06:55:48+01:00,38,secondary
2025-12-02T21:22:10+01:00,27,primary
2025-12-02T21:22:10+01:00,4,secondary
2025-12-02T21:44:57+01:00,16,static
2025-12-03T21:52:15+01:00,4,primary
2025-12-03T21:52:15+01:00,23,secondary
2025-12-03T22:22:05+01:00,46,primary
2025-12-03T22:22:05+01:00,11,secondary
2025-12-03T22:23:32+01:00,62,primary
2025-12-03T22:23:32+01:00,16,secondary
2025-12-04T17:07:55+01:00,56,static
2025-12-04T17:08:28+01:00,42,primary
2025-12-04T17:08:28+01:00,3,secondary
2025-12-05T12:04:37+01:00,32,primary
2025-12-05T12:04:37+01:00,45,secondary
2025-12-05T12:49:58+01:00,16,primary
2025-12-05T12:49:58+01:00,2,secondary
2025-12-05T14:56:32+01:00,7,primary
2025-12-05T14:56:32+01:00,11,secondary
2025-12-05T14:58:29+01:00,17,primary
2025-12-05T14:58:29+01:00,3,secondary
2025-12-06T21:35:07+01:00,30,primary
2025-12-06T21:35:07+01:00,22,secondary
2025-12-07T22:03:04+01:00,53,primary
2025-12-07T22:03:04+01:00,9,secondary
2025-12-08T08:24:01+01:00,10,primary
2025-12-08T08:24:01+01:00,43,secondary
2025-12-08T09:27:43+01:00,11,primary
2025-12-08T09:27:43+01:00,40,secondary
2025-12-08T09:32:07+01:00,30,primary
2025-12-08T09:32:07+01:00,33,secondary
2025-12-09T04:31:26+01:00,25,primary
2025-12-09T04:31:26+01:00,27,secondary
2025-12-09T04:33:31+01:00,54,primary
2025-12-09T04:33:31+01:00,40,secondary
2025-12-09T04:36:23+01:00,56,primary
2025-12-09T04:36:23+01:00,30,secondary
2025-12-09T04:37:36+01:00,40,primary
2025-12-09T04:37:36+01:00,28,secondary
2025-12-09T04:42:24+01:00,1,primary
2025-12-09T04:42:24+01:00,56,secondary
2025-12-09T04:59:51+01:00,3,primary
2025-12-09T04:59:51+01:00,5,secondary
2025-12-09T05:44:31+01:00,43,primary
2025-12-09T05:44:31+01:00,5,secondary
2025-12-09T05:51:12+01:00,20,primary
2025-12-09T05:51:12+01:00,37,secondary
2025-12-09T05:52:19+01:00,3,static
2025-12-09T05:53:00+01:00,9,static
2025-12-10T05:59:54+01:00,51,primary
2025-12-10T05:59:54+01:00,36,secondary
2025-12-10T06:02:10+01:00,31,primary
2025-12-10T06:02:10+01:00,5,secondary
2025-12-10T16:20:46+01:00,8,primary
2025-12-10T16:20:46+01:00,47,secondary
2025-12-10T17:09:45+01:00,12,primary
2025-12-10T17:09:45+01:00,42,secondary
2025-12-10T18:05:21+01:00,59,primary
2025-12-10T18:05:21+01:00,35,secondary
2025-12-11T05:30:02+01:00,12,primary
2025-12-11T05:30:02+01:00,29,secondary
2025-12-11T05:31:21+01:00,64,primary
2025-12-11T05:31:21+01:00,16,secondary
2025-12-15T07:22:49+01:00,3,primary
2025-12-15T07:22:49+01:00,29,secondary
2025-12-15T13:31:57+01:00,46,static
2025-12-15T13:32:17+01:00,10,primary
2025-12-15T13:32:17+01:00,59,secondary
2025-12-15T13:37:25+01:00,7,static
2025-12-15T15:37:39+01:00,20,primary
2025-12-15T15:37:39+01:00,27,secondary
2025-12-15T16:03:16+01:00,32,primary
2025-12-15T16:03:16+01:00,28,secondary
2025-12-15T16:03:53+01:00,32,primary
2025-12-15T16:03:53+01:00,28,secondary
2025-12-15T16:04:08+01:00,48,static
2025-12-15T19:06:00+01:00,63,primary
2025-12-15T19:06:00+01:00,57,secondary
2025-12-15T19:37:10+01:00,63,static
2025-12-15T22:48:49+01:00,15,primary
2025-12-15T22:48:49+01:00,24,secondary
